1510531200,5850,6841.45,5886.35,6535.87,36435.24412920102
1510444800,5511.11,6486,6346.64,5886.35,52464.52044031248
1510358400,6201.01,6894.99,6577.63,6346.7,25650.226633538612
1510272000,6426,7350,7156,6577.62,33895.55748789442
1510185600,7079,7470.01,7467.97,7156,18059.293572260067
1510099200,7031.66,7898,7128.99,7467.96,38183.53758965892
1510012800,6968.49,7232.84,6969.76,7126.63,14504.082322113354
1509926400,6900.73,7432.49,7391.95,6969.76,23880.697097746335
1509840000,7310,7630,7412.35,7392,16504.95764862101
1509753600,7011.1,7498,7170.01,7412.55,13668.895409630912
1509667200,6955.89,7449.99,7039.99,7170.01,24724.301282410688
1509580800,6759,7445,6783.69,7039.98,35889.108197014495
1509494400,6363.59,6784,6445.01,6783.69,20571.5532017922
1509408000,6095.96,6472.13,6124.16,6445.01,15024.495585038941
1509321600,6028,6200,6140.01,6124.16,8341.5324459918
1509235200,5728,6298.99,5752.01,6140.01,12509.855150880121
1509148800,5715,5894,5780,5752.01,5453.797988890391
1509062400,5708.8,5998,5891.61,5780,9337.844124811625
1508976000,5701,6000,5739.97,5891.61,11817.400067021945
1508889600,5376.71,5765,5525.43,5739.97,14151.05991842134
1508803200,5462.19,5906,5906,5525.43,18281.490063719484
1508716800,5650.98,6057.02,6005.05,5905.99,16446.783330561826
1508630400,5755.95,6082.3,6024.85,6005.05,10770.429512931947
1508544000,5868.26,6189.1,5989.1,6024.86,14607.921843362652
1508457600,5630,6063.99,5704,5989.1,16708.981564001588
1508371200,5529.44,5750,5574.02,5704.01,8908.556522270741
1508284800,5102,5600,5593.97,5574.44,17620.441504419166
1508198400,5525,5769.99,5754.9,5594,9121.03334950009
1508112000,5575.55,5785.3,5693.7,5754.9,8820.440400041069
1508025600,5455.5,5849.83,5819.13,5693.7,11817.328287811531
1507939200,5567.86,5839.8,5624.87,5819.13,8999.203675940335
1507852800,5390,5867,5440,5624.8,26595.97525879713
1507766400,4809.59,5440.92,4814.99,5440,20097.688455107233
1507680000,4720.21,4869.97,4750,4814.99,7238.878761789621
1507593600,4701.53,4925.65,4769.55,4750,13708.193937452435
1507507200,4561,4875.39,4603.5,4769.55,14273.823428821766
1507420800,4420.01,4612,4425,4603.49,7158.200279560618
1507334400,4320,4449.42,4363,4425,4178.25089287981
1507248000,4299.99,4407,4320.02,4362.99,6441.725603630361
1507161600,4150.01,4365.21,4214.84,4320.04,6482.327784390458
1507075200,4175.3,4344,4307.99,4214.84,6555.27096872092
1506988800,4240,4419.95,4392.71,4307.99,10606.106219451514
1506902400,4354.23,4470,4394.81,4392.71,8647.747991940027
1506816000,4256.92,4396.99,4339.01,4394.81,5366.911969970645
1506729600,4143.52,4356.28,4156.99,4339,6235.078456040596
1506643200,4015.17,4212.99,4189.42,4156.99,10360.83388071063
1506556800,4122,4269.95,4200,4189.42,7903.920890540759
1506470400,3880.36,4228.39,3885.09,4200,12072.668695739267
1506384000,3854.29,3960,3919.98,3885.09,5893.223538330775
1506297600,3669.01,3969.37,3669.01,3919.78,9583.737589110984
1506211200,3630.01,3789.36,3787.33,3669.01,4692.790902440333
1506124800,3580,3818.89,3619.01,3787.33,6595.935306670103
1506038400,3509.79,3767.77,3617.47,3619.01,12649.01130076063
1505952000,3571,3903.57,3872.07,3617.47,14978.48542600943
1505865600,3850.01,4044,3910.11,3872.06,9910.401114290466
1505779200,3850.44,4125.22,4100,3910.11,13781.155386421182
1505692800,3717.56,4130,3719.98,4100,16906.723389980838
1505606400,3475.64,3841,3726.51,3719.97,11718.880201670108
1505520000,3600,4042.98,3740.02,3726.51,19031.675972170924
1505433600,2975.01,3894.48,3249.99,3740.02,54488.48241947777
1505347200,3230.05,3923,3855.61,3250.4,36338.02724747286
1505260800,3726,4174.53,4164.52,3855.32,22842.53225552012
1505174400,4080,4375.37,4210.72,4164.52,12373.398577700485
1505088000,4111.14,4365,4251.36,4210.72,9068.255075620644
1505001600,4139,4349.99,4334.36,4251.36,10078.374856740993
1504915200,4180,4449.95,4350,4334.36,10073.895586670365
1504828800,4140,4679.99,4624.18,4350,22101.268559666514
1504742400,4475.01,4665.44,4616.18,4624.18,8455.041479830785
1504656000,4431,4692,4432.51,4616.18,16174.304331050924
1504569600,4242.38,4514.95,4498.46,4432.51,17315.430192011023
1504483200,4234.16,4628.05,4626.05,4498.25,20518.884482849997
1504396800,4524,4749.99,4642.39,4626.05,11568.85876538164
1504310400,4500,4980,4948,4649.99,19577.18874549068
1504224000,4706,4948,4743.94,4947.99,16759.143608382205
1504137600,4580.84,4769.03,4581.98,4743.94,13628.457778114314
1504051200,4500.55,4635.21,4599.01,4581.98,10383.43430460286
1503964800,4350,4656.83,4384.99,4599,14509.958123791324
1503878400,4200,4396,4343.5,4384.99,10452.603820730652
1503792000,4309.87,4392,4344.32,4340.11,7041.344201771327
1503705600,4260.01,4374.39,4360,4344.32,6146.47876206078
1503619200,4284.01,4453.9,4312.03,4360,10918.7797283616
1503532800,4112.76,4349.99,4142.5,4312.03,10247.984209111648
1503446400,4058.26,4247.88,4092,4143.49,11746.004149801342
1503360000,3583.46,4145,4002,4092,21921.82853717148
1503273600,3950.88,4089.99,4050.99,4002,12417.657075551242
1503187200,4044.52,4190.21,4157.41,4050.99,8331.872358789611
1503100800,4000,4186.1,4101.72,4157.41,10502.740824640305
1503014400,3960.47,4350,4280.01,4101.72,20823.05141554123
1502928000,4180,4469,4370.01,4280.01,19980.891605040888
1502841600,3928.82,4385.5,4159.93,4370.01,17969.626206341723
1502755200,3807.14,4434.42,4320.53,4159.93,32018.068220516514
1502668800,3985.01,4328,4060.47,4320.6,20059.96196840984
1502582400,3850,4200,3874,4060.47,23522.141985699003
1502496000,3622.87,3974,3656.14,3874,18972.143355900265
1502409600,3416.86,3725,3444.98,3656.15,15315.752361281457
1502323200,3317,3448,3342.8,3444.98,9348.359148650865
1502236800,3232.62,3428.29,3423.28,3342.8,13076.146270762029
1502150400,3349.91,3489,3398.23,3422.43,16013.938951692115
1502064000,3190,3416,3222.22,3398.23,11324.916202801358
1501977600,3150,3278.42,3243.5,3222.22,8666.200782181002
1501891200,2857.34,3335,2857.34,3243.49,21614.600611228863
1501804800,2760,2877.79,2787.05,2857.34,7714.980479730888
1501718400,2699.89,2799,2699.9,2787.02,7425.957456260807
1501632000,2650,2758.06,2731.6,2699.9,8422.275377351269
1501545600,2676.01,2925,2856.89,2732.59,9772.969475012156
1501459200,2700,2900,2723.99,2856.88,11462.15024070126
1501372800,2500,2739.98,2700.2,2723.99,8450.932768001223
1501286400,2656,2790.99,2786.07,2700.21,9860.132240681061
1501200000,2655.55,2825.11,2664.99,2786.07,17189.246742041225
1501113600,2514.1,2686.2,2525.98,2664.99,10034.527065720673
1501027200,2403,2614,2564,2525.99,13015.855218722269
1500940800,2449.69,2782.44,2761.68,2564,19195.642607360172
1500854400,2726.8,2799.2,2755.19,2762.26,8105.645112482787
1500768000,2691,2848,2825.27,2754.28,10194.974750191914
1500681600,2646.95,2869.88,2661.05,2825.27,12225.617636793088
1500595200,2608.27,2880,2873.45,2657.45,23062.175429536997
1500508800,2258.99,2957,2258.99,2873.48,36509.16787416211
1500422400,2216,2396,2307.48,2258.99,18567.47611252048
1500336000,2134.37,2393.43,2235.14,2308.15,23791.817577742415
1500249600,1909.58,2238.07,1911.79,2235.19,21436.764537095558
1500163200,1758.2,2043.94,1964.33,1911.78,21740.892740346357
1500076800,1964.31,2224.82,2217.02,1964.31,16334.188647172743
1499990400,2150,2349.28,2340,2217.24,13548.777809901301
1499904000,2308.14,2416.79,2384.35,2340,9541.53943311087
1499817600,2250,2415,2309.62,2383.42,13834.471974631742
1499731200,2265,2410,2330.93,2310.01,15670.550647243932
1499644800,2250,2523,2508,2331.05,15554.005094902683
1499558400,2500,2579.84,2560.84,2508.99,5647.434269490621
1499472000,2471.22,2563.5,2501.15,2561.11,7869.881312771003
1499385600,2472,2607.61,2604.89,2501.15,11640.781571151318
1499299200,2580.69,2623.54,2616.96,2604.84,8207.966576870858
1499212800,2551.06,2630.24,2602,2616.96,10183.630103231282
1499126400,2542.18,2636.1,2542.41,2602,10680.565221721316
1499040000,2479.75,2584.78,2515.37,2542.41,10043.51480085158
1498953600,2385,2545,2424.08,2516.66,9098.289198861214
1498867200,2400,2515,2455.19,2423.63,8448.088798561475
1498780800,2446.2,2554.01,2531.16,2455.19,11860.959435901594
1498694400,2506.1,2591.98,2553.13,2530,9048.161020480773
1498608000,2457,2605,2573.22,2553.12,16240.954621011213
1498521600,2264,2575.75,2407.91,2575.75,22151.519620820483
1498435200,2258.34,2563.9,2505.61,2407.91,20262.762152945896
1498348800,2430.05,2625,2574.86,2505.61,13739.171335821255
1498262400,2503.05,2718.37,2690.76,2574.84,12806.59872363277
1498176000,2665,2743,2679.93,2690.76,9674.140146611524
1498089600,2598,2724.69,2643.33,2679.99,12179.553782261632
1498003200,2559.51,2781.59,2725.11,2643.35,18062.070084144903
1497916800,2585.42,2776.95,2596.99,2725.08,19229.706220712236
1497830400,2481.92,2597,2515.25,2596.98,13928.558685127713
1497744000,2455.01,2670,2634.94,2515.25,13831.58864849663
1497657600,2413.96,2679.24,2480.44,2634.94,17601.284109605433
1497571200,2287.84,2524.65,2409.98,2480.43,21891.95771821722
1497484800,2050,2525,2432.21,2409.98,42025.04188090753
1497398400,2330,2827,2709.02,2432.21,28256.87485766792
1497312000,2649.47,2798.99,2654.36,2709.01,19716.97419151168
1497225600,2463.89,2999.99,2998.98,2655.71,38941.18214330264
1497139200,2881,2998.99,2931.16,2998.98,16295.483036400996
1497052800,2801.25,2942.04,2811.37,2931.15,18734.801905491437
1496966400,2786.2,2861.58,2799.76,2811.39,11440.335615551148
1496880000,2611.41,2808.78,2690.02,2799.73,13453.68915971156
1496793600,2598.7,2885,2871.29,2685.64,19476.18369093974
1496707200,2674.69,2938.55,2698,2871.29,28609.06198370679
1496620800,2517.02,2698,2521.43,2698,13599.768904341598
1496534400,2469.98,2556.1,2548.3,2521.36,13820.31366466205
1496448000,2448,2599,2478.99,2548.05,13441.888797691277
1496361600,2379.44,2478.99,2419.98,2478.99,12890.658843711333
1496275200,2302,2488,2303.61,2419.99,21390.335043259907
1496188800,2173.8,2338.91,2191.6,2303.29,21726.9308559993
1496102400,2112.31,2336.88,2279.18,2191.58,20915.999994800753
1496016000,2141.12,2357.86,2237,2279.48,16926.34457276118
1495929600,2099.86,2342.99,2099.99,2232.78,18342.68197108032
1495843200,1913.19,2353.35,2276.46,2099.99,32466.161234264648
1495756800,2052.01,2683.18,2362.17,2272.7,31755.177713024525
1495670400,2226.86,2806,2432.96,2355,37192.73761352579
1495584000,2266.51,2474.69,2272.74,2432.97,24659.53425375031
1495497600,2100.86,2283,2123.29,2272.75,17640.93851588971
1495411200,1975,2298,2056.99,2123.29,29431.524346186823
1495324800,1988.6,2102.68,2058.89,2057,17762.48439112184
1495238400,1970.04,2059,1976.22,2058.91,13176.26818270162
1495152000,1890.73,1980,1899.47,1976.23,18971.30870076093
1495065600,1800,1900,1813.23,1899.16,11390.334358911676
1494979200,1745.05,1840,1777.49,1813.23,13806.649690662507
1494892800,1690.14,1777.76,1747.81,1777.48,11414.508742251972
1494806400,1702.42,1802.99,1799.98,1747.81,10191.854248932703
1494720000,1763.33,1829,1791.7,1799.99,6806.48511914114
1494633600,1610,1792.96,1695.56,1792.73,12377.8037345737
1494547200,1651.01,1838,1837.98,1695.61,16526.818795783878
1494460800,1770.95,1889,1794.95,1837.93,15726.10460336246
1494374400,1691.3,1799.99,1720.24,1794.99,13458.18638798234
1494288000,1630,1794.7,1712.99,1720.43,19878.968831401246
1494201600,1608,1713,1611.1,1713,15894.920064352218
1494115200,1563.87,1618.31,1585.49,1609.57,11737.569979201222
1494028800,1551.3,1598.89,1551.3,1585.39,9367.705012541257
1493942400,1535.11,1630,1561.47,1551.3,16888.140348631507
1493856000,1482.06,1665,1533,1563.39,26721.095922724482
1493769600,1453.68,1533,1471.79,1533,16319.005096921623
1493683200,1426.51,1492.93,1436.5,1471.99,12031.584190610736
1493596800,1370.98,1466.69,1384.55,1436.5,16992.300996961956
1493510400,1334.02,1394.51,1364.98,1384.55,10541.609917001093
1493424000,1335.64,1369.5,1352.96,1365.43,9669.11577868096
1493337600,1300.2,1381.01,1349.77,1353.34,14008.227416772148
1493251200,1295.39,1360,1297.56,1349.26,10484.923615941196
1493164800,1279.5,1320,1281.18,1298.44,9597.32080942055
1493078400,1256.16,1287,1256.65,1281.16,8117.837933750772
1492992000,1246.31,1261.16,1251.91,1257.29,5906.25903817073
1492905600,1236.2,1254,1246.79,1251.98,5023.525978010348
1492819200,1221.51,1253,1249.98,1247,6147.32768133042
1492732800,1236.15,1258.77,1236.15,1249.99,6669.14516894068
1492646400,1212.01,1240.6,1214.22,1236.15,7747.13509693067
1492560000,1191.09,1215.32,1201.88,1214.21,6273.615376140821
1492473600,1189.76,1206.65,1190.95,1201.94,6269.9092648710875
1492387200,1170.85,1197.6,1177.63,1189.91,6548.066562971107
1492300800,1171.7,1189.93,1178.84,1177.99,3084.525038540376
1492214400,0.06,1190.99,1173.13,1178.85,3972.0031458205203
1492128000,1170.14,1196.92,1177.05,1173.74,5665.887752280593
1492041600,1148.98,1219.49,1214.68,1177.05,9426.537456901287
1491955200,1209.61,1227.86,1224,1214.17,6494.151561620266
1491868800,1200,1234,1210,1223.99,5481.083298340246
1491782400,1201,1219.78,1210.99,1210,5644.961476160115
1491696000,1175.8,1221,1184.5,1210.97,5819.841281620217
1491609600,1170,1198,1194,1184.5,4423.107581420304
1491523200,1175.26,1203,1192.29,1194,6984.367979280365
1491436800,1132.98,1206.97,1132.99,1192.3,11233.486720840698
1491350400,1114.9,1144.99,1143.98,1132.99,8705.92018413059
1491264000,1124.98,1164.14,1152.09,1143.99,8959.603372660624
1491177600,1112.24,1168.72,1113.23,1152.6,12694.07860904111
1491091200,1080,1119,1092,1113.99,7882.354255040336
1491004800,1071.45,1110.95,1088.99,1092,6726.970428020368
1490918400,1038.11,1094.49,1042.32,1088.99,11274.099077600607
1490832000,1022,1052.94,1043.09,1042.34,8312.813656080318
1490745600,1005.77,1058.16,1045.54,1043.27,8676.302769130518
1490659200,1016.25,1069.39,1042.27,1045.4,9055.351964090727
1490572800,961.1,1045.9,973.97,1042.08,10233.889465250804
1490486400,943.9,1005,963.72,973.08,9503.608590530568
1490400000,890.05,973.99,933.93,963.72,16665.099714311636
1490313600,920.1,1030.3,1025.13,934.87,19000.191115751648
1490227200,1013,1057.41,1038.94,1025.14,7782.587449870678
1490140800,985.17,1114.96,1114.42,1034.57,14577.910023502103
1490054400,1042.68,1120,1046.75,1114.42,12493.15830339087
1489968000,1011,1051.97,1019.1,1044.96,8919.415421511378
1489881600,961.59,1062.92,970,1019.49,13518.289513751313
1489795200,919.44,1096,1068.78,970,23964.993783461934
1489708800,1065.74,1175.11,1175.11,1069.57,19215.386545491903
1489622400,1117.77,1277.27,1263.55,1175.11,16599.289710212386
1489536000,1240,1264.55,1247.43,1263,7273.308964300712
1489449600,1213.55,1262,1245.5,1247.42,7464.249695361155
1489363200,1206,1249,1235.27,1245.49,9584.335718612818
1489276800,1150,1244,1188.11,1235.58,6729.1513355113975
1489190400,1107,1219,1111.92,1188.11,10281.238149541532
1489104000,956.85,1360,1197.3,1109.01,25696.84645696716
1489017600,1131.11,1214.95,1150.22,1197.3,8524.462833321206
1488931200,1128,1246,1237.36,1150.22,13005.734888952029
1488844800,1050,1288,1284.99,1237.36,10811.134803361376
1488758400,1268.78,1288,1278.63,1284.99,4763.57331155042
1488672000,1247.11,1278.99,1273.94,1278.98,3996.53386765032
1488585600,1226.41,1294.48,1293.06,1273.97,6385.030906331301
1488499200,1255.61,1294.99,1269.17,1292.86,8290.628210091458
1488412800,1220,1298.61,1230,1269.17,8940.263351121026
1488326400,1085.71,1230,1194.53,1230,8122.935682980725
1488240000,1179.64,1214.94,1195.84,1195.08,6720.382369420868
1488153600,1176,1198.99,1184.91,1195.81,5776.45621667091
1488067200,1130.88,1187.33,1157.98,1184.91,4454.4439949604475
1487980800,1110,1189.49,1186.91,1158,6033.377428290825
1487894400,1103.32,1221.93,1185.81,1186.91,12744.917448462305
1487808000,1128.22,1197,1129.87,1186.9,7574.459959200889
1487721600,1104.9,1140,1129.67,1128.71,6035.823467590668
1487635200,1081.95,1132.95,1089.98,1128.29,7487.524017711014
1487548800,1051.36,1095,1059.88,1089.82,4434.441985200295
1487462400,1051.26,1067.78,1062.14,1059.88,3025.4142450601926
1487376000,1055.6,1073.8,1057.29,1062.15,3934.747885420283
1487289600,1036.29,1064.6,1038.95,1057.3,6334.698453780588
1487203200,1013.02,1041.88,1014.58,1038.94,5996.293232510467
1487116800,1007.66,1016,1013.92,1014.53,4494.350168420202
1487030400,992.27,1018.97,1002.88,1013.92,5910.490327950902
1486944000,985.68,1021.5,1009.99,1002.82,4721.7405828305355
1486857600,1008,1018.88,1018.63,1010,1315.729557899987
1486771200,995.49,1023.89,1001.88,1018.65,4321.970595640334
1486684800,961,1008,993.58,1001.99,7943.67633678081
1486598400,925,1079,1057.22,994.24,16567.071136292183
1486512000,1016.49,1069.95,1053.95,1056.7,6978.584502970319
1486425600,1021.75,1058.26,1022.65,1053.96,5492.408809010258
1486339200,1014.64,1027.7,1016.32,1022.58,4366.043600840147
1486252800,1003.02,1036.3,1035.54,1016.32,4621.391690860204
1486166400,1001.8,1044.12,1018.48,1035.54,4793.8052261602625
1486080000,994.34,1024.5,1008.4,1018,6776.269718460615
1485993600,978.74,1010,992.75,1008.38,5728.212380770295
1485907200,963.84,992.75,970.01,992.75,5993.625966450619
1485820800,922.94,972.3,923.26,970.01,6732.262786640515
1485734400,914.69,923.95,916.56,923.23,3617.9428620302565
1485648000,915,927.47,924.69,916.54,2592.3436537500197
1485561600,921.81,925.5,922.89,924.98,2634.5379973900617
1485475200,911,924.47,917.02,922.63,3719.0654857902164
1485388800,896,921.95,896.75,917.02,4718.0825334403535
1485302400,886.99,903.98,887,896,4535.104576140465
1485216000,880,923,911.78,887,6401.735152690642
1485129600,910.63,931.33,929.45,910.7,4141.43227389023
1485043200,902,946.25,925.06,931.22,5044.143548010586
1484956800,891.28,930,894.31,925.06,4666.6608888703395
1484870400,890,904.59,902.92,894.31,3110.589741940099
1484784000,883.08,907,887.98,902.92,5070.18463001052
1484697600,850,916.7,906.09,887.99,6937.986523650842
1484611200,830.1,909,834.4,906,7253.478570600814
1484524800,826.03,840,833.43,834.41,3428.791930450111
1484438400,819,835,828,833.31,2941.9150486201825
1484352000,822.34,847.52,831.42,828,4774.303775610668
1484265600,782.85,835.01,812.25,831.42,10492.40371002212
1484179200,734.64,840,795.8,812.25,13198.295955122816
1484092800,765,923.98,906.81,795.77,19443.61528427766
1484006400,899.01,915.1,902.66,907,7221.78923665163
1483920000,886.42,923.58,922.04,902.66,5909.578121671353
1483833600,899.16,953.8,908.99,923.33,5410.003499091158
1483747200,802.07,910,895.78,909,11215.102851713817
1483660800,875.01,1033.85,1007,895.71,14262.504267053093
1483574400,880,1175,1131.1,1007,20438.58192545421
1483488000,1018,1147,1020.69,1130.3,16222.230266662002
1483401600,1006.71,1036.99,1011.52,1020.67,8614.250058141428
1483315200,990.52,1034.39,992.96,1011.45,7723.63575162153
1483228800,964.37,1000,973.37,992.95,4421.502882830208
1483142400,949,973.37,961.52,973.37,3837.2878859200805
1483056000,930.3,970.51,970.51,960.81,7945.763020170994
1482969600,950.5,988.88,982.25,970.72,8997.859016220676
1482883200,923.95,983.46,925.28,982.17,9792.326831291593
1482796800,895,943.36,902.08,925.2,6719.749231020869
1482710400,890,908.24,895.94,902.09,3297.8967550900793
1482624000,851.11,897.4,891.59,896.12,5380.14745659048
1482537600,880.1,918.19,917.28,891.5,6458.029766820309
1482451200,855.45,918.5,856.45,917.26,12732.473106800702
1482364800,832.38,875.75,834.15,856.02,8778.210640870684
1482278400,798.88,834.5,798.98,834.5,8432.750649590525
1482192000,788.58,799.21,791,798.99,5925.200601270585
1482105600,789,794.99,790.71,790.81,5496.383811270106
1482019200,787.19,791.96,788.98,790.72,2847.0458484200003
1481932800,779.5,791.97,780.85,788.57,4364.330370910071
1481846400,774.8,785,776.16,780.98,5719.662389070014
1481760000,775,780,777.66,776.16,5927.48786136039
1481673600,776.6,779.75,778.54,777.66,816.0649823099988
1466640000,544.13,612.12,606.13,591.94,6730.498213250738
1466553600,568.11,679.99,667.88,604.5,15589.03576144223
1466467200,628.6,718.26,706.47,667.66,26108.678872719116
1466380800,701.01,768.94,768.94,703.12,9837.193847152123
1466294400,744.77,771.92,759,768.76,5442.638785490572
1466208000,734.8,785.15,752,758.99,9593.499522261754
1466121600,709.01,778.5,769.71,752.26,14007.082450981927
1466035200,698.76,777.68,698.76,769.76,16806.858737631468
1465948800,673,699.3,684.99,698.78,7913.035471250825
1465862400,650.02,706.45,706.02,684.95,12443.095563801913
1465776000,663.55,720,677.45,706.01,15497.153070563012
1465689600,605,687.71,609.5,677.86,17998.50457536236
1465603200,580.31,610,580.31,609.5,5542.195258641436
1465516800,573.5,581,577.47,580.31,5659.426616591204
1465430400,574,583.48,583.19,577.46,4979.630440350675
1465344000,572.96,583.99,579.72,583.21,5661.7491727215
1465257600,475,590.95,586.75,579.71,10079.796841734638
1465171200,575,588.15,575.17,586.77,6790.995892330291
1465084800,570.22,585,576.31,575.17,4984.249448200543
1464998400,564.29,594.64,571.09,576.31,6931.957378170843
1464912000,535.96,578,538.06,571.25,10203.59387320157
1464825600,531.86,541.2,534.85,537.87,6329.819665691718
1464739200,524.39,541.5,531.25,534.84,5736.493832241278
1464652800,520.01,544.9,532.56,531.34,8491.942681363424
1464566400,519,541,525.22,532.55,5960.3133220128775
1464480000,491.01,549.99,523.35,525.22,9957.469243184825
1464393600,470.13,539.49,471.21,523.25,12107.09879846704
1464307200,454.35,476.75,454.97,471.27,9886.986488283384
1464220800,449,454.99,451.45,454.97,5843.631974021242
1464134400,446.86,452.42,446.98,451.49,6167.866138280337
1464048000,440.5,448.5,445.56,446.99,6536.782473602241
1463961600,440.79,446.3,442.45,445.67,5659.31647218029
1463875200,440.89,446.45,446.27,442.48,3779.5197405602125
1463788800,441.88,446.99,445.52,446.28,3945.718212340032
1463702400,435.5,445.85,437.91,445.65,7178.735362001398
1463616000,435,456.41,455.56,438.38,8405.793789241745
1463529600,453.6,457.88,454.19,455.56,5512.06594860025
1463443200,452.2,457.49,455.64,454.19,6033.908425850329
1463356800,451.48,461.59,461.48,455.66,6019.172366550663
1463270400,458.49,463.62,458.9,461.47,3269.952457409932
1463184000,456,459.83,457.97,458.9,3295.1597074000993
1463097600,453.84,458.03,456.48,457.98,5404.12802972037
1463011200,449.27,456.57,454.56,456.48,6119.044624760662
1462924800,452.5,458.65,452.77,454.37,5746.405493650115
1462838400,448.2,465,464.15,452.78,6814.257055190274
1462752000,459.41,465.9,462.6,464.16,5882.841569871233
1462665600,457.5,465,461.91,462.79,3275.577942420287
1462579200,459.55,464,462.31,461.91,3463.8802064000815
1462492800,448.84,463.73,449.99,462.31,6191.747205151916
1462406400,447,451.56,448.59,449.98,5335.519911521006
1462320000,446.76,453.23,452.21,448.68,4883.540014760825
1462233600,443.61,453.29,446.53,452.21,5892.451383721535
1462147200,440.02,457.63,456.98,446.42,7694.11823194187
1462060800,451.55,457.07,454.02,456.98,2941.0810104306006
1461974400,450.13,459.33,458.8,454.02,4710.059504500204
1461888000,448.5,459.44,451.67,458.82,5965.097350131522
1461801600,434.79,451.88,445.3,451.68,7644.692104611163
1461715200,434,470.79,470.3,445.31,11629.44257590195
1461628800,464.01,472.11,466.17,470.59,7471.107561771641
1461542400,454.65,472.38,464.47,466.17,9492.93140389169
1461456000,454.55,465,455.68,464.46,6186.443790560946
1461369600,447.03,455.84,448.57,455.69,4618.067159031011
1461283200,445.07,452.95,452.25,448.41,6811.642921221554
1461196800,441.99,453.8,442.87,452.25,7693.431008611118
1461110400,436.17,444.07,437.06,442.96,7150.956695281302
1461024000,429.22,438.2,430.9,437.06,6226.5952807308095
1460937600,428.44,434.46,431.08,430.97,5277.3212060607075
1460851200,429.15,434.93,433.69,431,3299.6904129705395
1460764800,429.89,434.89,430.82,433.39,4133.9859868206395
1460678400,425.72,431.1,426.35,430.93,4184.009390720377
1460592000,424.52,428,425.58,426.32,4732.226721750181
1460505600,423.59,429.44,427.8,425.58,5885.045144760655
1460419200,423.14,429.77,423.95,427.8,6997.033498511259
1460332800,420.15,424,423.29,423.94,5093.218251610312
1460246400,419.46,423.99,419.46,423.4,2990.036644360288
1460160000,415.51,419.79,419.48,419.46,3519.989111490466
1460073600,415.71,424.65,421.99,419.48,6434.750026151164
1459987200,419.41,422.74,421.36,421.99,5025.88118662061
1459900800,420.61,423,422.4,421.46,5211.961401530514
1459814400,418.01,423.43,419.48,422.36,5727.686296360672
1459728000,417.58,421,420.08,419.47,5323.835294620986
1459641600,418.33,420.8,419.95,420.16,3266.9738127202245
1459555200,417.04,420.5,417.68,419.95,3944.076483900157
1459468800,414.12,417.68,416.03,417.68,5353.913183850981
1459382400,412.74,417.6,412.97,416.03,5235.542783850162
1459296000,407.56,416.41,416.4,412.79,5831.4936037901025
1459209600,407.75,424.62,422.92,416.39,7361.855275191034
1459123200,419.63,425.36,425.29,423,5717.860070670732
1459036800,416.35,426.5,416.96,425.3,4658.098030540683
1458950400,414.37,417.77,416.42,416.97,3641.0028567801546
1458864000,411,416.87,412.86,416.41,4598.661038300238
1458777600,410,417.72,417.53,412.95,5064.589365250316
1458691200,413.95,418.99,416.66,417.53,5506.919452810185
1458604800,411,417.79,411.98,416.66,6124.691856060081
1458518400,406.89,412.13,411.25,412,6020.518108230224
1458432000,409.36,415.34,410.09,411.27,4726.10717472023
1458345600,404.72,411,409.66,410.2,4840.133579140364
1458259200,399.21,418.66,418.42,409.65,8597.586763800866
1458172800,415.7,419.75,416.06,418.41,6108.443284800387
1458086400,413,416.39,415.41,416.07,6274.808810900672
1458000000,412.48,416.94,415.02,415.41,7355.07959993052
1457913600,411.61,415.84,412.51,415.02,6672.712652400491
1457827200,410.01,416.38,410.56,412.52,4663.328797250138
1457740800,406.52,421.3,419.48,410.58,6897.105099000467
1457654400,414.97,421,415.98,419.39,7041.458143040562
1457568000,410.71,416.52,412.64,415.98,7908.753867490628
1457481600,408.75,414,411.18,412.8,5399.270362040783
1457395200,407.4,416.33,412.21,411.18,7501.476495570266
1457308800,395,418.74,403.24,412.21,9910.744242390894
1457222400,385.01,409.27,396.13,403.24,7675.13656299034
1457136000,381.09,408.83,407.38,396.08,14903.21378457137
1457049600,405.5,422.21,418.76,407.35,8960.953571840844
1456963200,408.63,422.8,420.44,418.8,11833.710870931927
1456876800,418.36,435.36,433.03,420.39,7437.529435250088
1456790400,427.5,437.78,436.41,433.08,7580.221062782448
1456704000,431.13,442,433.73,436.44,7578.890069401612
1456617600,423,436.07,433.09,433.73,5149.930090240472
1456531200,430.14,434.97,430.84,433.12,5520.620268940917
1456444800,419.53,430.85,423.51,430.85,6782.0374652812325
1456358400,418.6,426.44,423.87,423.54,6049.818115261502
1456272000,410,425.6,420.32,423.94,7231.122365280901
1456185600,414.16,440.9,437.45,419.97,9159.03224463215
1456099200,430.95,439,438.56,437.55,5131.799883281171
1456012800,426.01,448.7,438.04,438.56,7111.1445864114185
1455926400,420.09,444.03,420.72,437.46,9366.348560391218
1455840000,416,422,421.18,420.72,5800.217531830673
1455753600,415.01,423.2,415.18,421.19,6518.637611800968
1455667200,405.69,420.13,407.41,415.2,8707.134002701136
1455580800,390,407.5,398.94,407.42,5647.185070691759
1455494400,394.03,409.09,406.62,398.95,6568.485382841881
1455408000,391,406.92,391,406.59,7555.164850271236
1455321600,381.99,396,382.05,391,5978.856471710818
1455235200,377.46,382.05,378.23,382.05,6162.176713370567
1455148800,360,379.5,378.49,378.23,10412.363715861959
1455062400,371.87,383.34,372.76,378.44,9734.280824752006
1454976000,370.13,374.93,371.02,372.68,8424.552207501183
1454889600,370.5,379.35,377.47,371.14,7094.208577771213
1454803200,373.24,379.81,375.44,377.49,4160.829111310769
1454716800,370.05,384.54,384.44,375.44,6276.614737291423
1454630400,382.99,389.36,387.99,384.5,7443.84433224228
1454544000,368.74,390.63,368.87,387.99,8887.7272324031
1454457600,365.63,373.01,372.93,368.87,7147.956573281556
1454371200,371.17,374.41,371.33,372.93,6856.218157990755
1454284800,366.26,379,367.89,371.33,7931.229229221126
1454198400,365,382.5,378.46,367.95,5506.746813021691
1454112000,375,382.04,378.68,378.46,4154.296422400636
1454025600,363.25,385.05,379.63,378.68,12105.290436892317
1453939200,377.12,395,394.6,379.61,9103.71549887292
1453852800,390.7,397.18,391.7,394.79,6324.164190270485
1453766400,387.78,397,391.4,391.54,6981.009900350318
1453680000,386.41,403.04,403.04,391.4,6491.999811860517
1453593600,387.49,406.93,387.5,403.05,3550.831771830132
1453507200,382.55,398.72,382.93,387.5,6308.750022200504
1453420800,373.86,413.99,409.02,382.9,13430.103039240921
1453334400,403.21,424.78,418.89,409.38,8736.439028891049
1453248000,369,425.1,375.28,418.54,13874.68165931231
1453161600,370,385.5,384.79,375.27,8133.089010340886
1453075200,370.1,386.1,378.47,384.89,8711.459756041404
1452988800,372,391,388.7,378.46,8278.401793480627
1452902400,350.92,391,357.59,388.7,17985.104784490693
1452816000,357.3,430.29,430.04,357.53,28641.653585516684
1452729600,428,435.27,432.7,430.03,5672.820962450443
1452643200,425,437.5,434.01,432.77,9009.140709121457
1452556800,431.83,449.44,449.26,434.01,6596.945452920522
1452470400,445.88,452.65,449.99,449.19,5597.614183150596
1452384000,442.96,451.39,450.39,449.99,3954.3223995203903
1452297600,447.66,456,454.41,450.38,4247.549650950911
1452211200,447.53,464.4,459.07,454.44,8347.055039600888
1452124800,430.64,460.15,430.66,459.07,13906.640729023738
1452038400,428.15,433.46,433.32,430.87,5476.869959441213
1451952000,430,435.64,433.84,433.34,5150.049475690538
1451865600,431.37,435.79,431.9,433.85,5894.445723170663
1451779200,425.02,435.75,435.4,431.91,3904.3253181103887
1451692800,432.41,437.56,435.67,435.4,3276.709621130287
1451606400,427.92,437.15,430.35,435.66,3863.2774505404773
1451520000,419.04,434,427.9,430.35,6480.693573680863
1451433600,422.35,434.99,433.89,427.95,4884.615729610907
1451347200,419.31,433.9,421.94,433.89,6387.0971385610255
1451260800,418,429.9,424.73,421.94,6929.617994861296
1451174400,410.02,429.85,419.41,424.72,5568.976839602078
1451088000,410,458.29,455.82,419.41,13505.222648452846
1451001600,450.01,458.99,455.74,455.84,3482.660511750379
1450915200,442.42,460,442.43,455.74,6860.177530860807
1450828800,428.29,445.11,433.94,442.43,7571.530727220965
1450742400,432.58,442,436.85,433.92,6659.301968930909
1450656000,424.66,444.44,442.36,436.81,6845.941203660947
1450569600,430,461.3,461.29,442.22,8376.423352911428
1450483200,451.58,465.6,463.14,461.29,6991.3843634607565
1450396800,453.28,465.1,455.5,463.17,5045.1100246506
1450310400,446.01,456.33,453.96,455.5,6287.108041021631
1450224000,440,464.73,464.5,453.97,35979.09461999405
1450137600,443.76,464.95,444.03,464.27,11008.156856624237
1450051200,429.12,450,433.38,444.01,165495.8155388181
1449964800,419.42,443.83,436.9,433.83,6720.0135999308095
1449878400,403,469.34,452.95,436.87,29525.269964372634
1449792000,415.67,453.13,415.68,452.95,13643.469446141597
1449705600,408,419.5,418.39,415.68,7117.838236640618
1449619200,401,425,417.84,418.39,13811.44429405457
1449532800,386.69,418.94,394.73,418.94,8264.814572022024
1449446400,383,397.57,387.53,394.73,7577.5779853919175
1449360000,375.22,401.01,388.03,387.55,9639.572834960263
1449273600,363.97,390,363.98,387.99,8731.839300850326
1449187200,355.43,364.85,361.89,363.98,5864.705648910321
1449100800,356.52,369.99,360,361.77,7242.504372520423
1449014400,347.55,363.06,362.68,360,8966.988241590481
1448928000,354.6,378.94,376.88,362.68,9267.043085861786
1448841600,367.5,382.87,372.25,376.86,11425.774727772021
1448755200,354.26,373.63,357.24,372.24,5537.923139050265
1448668800,351.09,359.63,358.2,357.24,5553.054494990226
1448582400,347.96,364.46,352.56,358.19,7234.790705961591
1448496000,328.98,368.18,328.99,352.57,14023.74766101111
1448409600,316.26,330.06,320.96,328.98,7870.714162240334
1448323200,318,323.17,323.01,321,5234.691119330181
1448236800,322,326,323.72,323,4797.364622080108
1448150400,321,327,326.99,323.71,3426.1786015400644
1448064000,316.33,328,322.39,327,5125.958809020132
1447977600,311.23,327.04,326.53,322.39,9324.440814250289
1447891200,324.9,336.38,335.5,326.41,6718.630930550632
1447804800,330,338,336.49,335.49,5204.310116730503
1447718400,330.1,340.72,332.85,336.49,7262.4569874910385
1447632000,316.12,334.1,322.94,332.89,7295.396514820948
1447545600,319.89,336.46,334.67,322.93,6329.302827081123
1447459200,329.4,339.57,338.08,334.71,6008.710164190471
1447372800,325,343,336.49,338.07,10203.546404401704
1447286400,312.24,344.99,313.2,336.49,15784.188175849671
1447200000,293.32,341.75,337.14,313.2,18097.66629410795
1447113600,322,382.23,379.55,337.14,16694.812262732205
1447027200,360.8,386.96,373.84,379.53,11225.64567597082
1446940800,363.58,389,384.8,373.83,7459.0145599816615
1446854400,371.43,392,374.26,384.81,8396.124565583614
1446768000,351,395,387.21,374.09,20034.64320475417
1446681600,366.66,450,410,387.21,27227.96561929529
1446595200,368.15,499.99,404.06,410,50603.791693213534
1446508800,362.07,422.3,365.14,404.1,40167.73664016096
1446422400,326.07,371.82,329.45,365.21,19748.94524771259
1446336000,311.44,332,314.84,329.46,10727.58697465219
1446249600,306.29,334.28,329.11,314.85,15213.518109132552
1446163200,315.9,336.97,316.07,329.11,16825.196388080618
1446076800,301.8,320.99,304.1,316.08,12247.441075523437
1445990400,295.65,308.93,295.68,304.09,16047.510770925528
1445904000,286.89,297.99,287.1,295.61,11123.68178775169
1445817600,282.04,287.68,284.97,287.1,7477.9242194606
1445731200,283.28,295.93,284.29,284.97,10695.66837063057
1445644800,278.75,284.49,278.76,284.29,5507.976725160379
1445558400,275.4,281.17,275.76,278.76,7072.844703880932
1445472000,268.75,280,268.77,275.84,8695.883882810553
1445385600,265,272.85,271.16,268.77,6195.066468920251
1445299200,264.38,272.95,265.09,271.14,4647.331853230149
1445212800,262.05,268.23,265,265.17,5364.1013245607255
1445126400,262.94,273.5,272.88,265,5660.018133400756
1445040000,263.05,274.81,263.45,272.87,11034.142306951624
1444953600,254.86,267.6,254.98,263.43,9215.973390110816
1444867200,253.18,256.77,253.25,254.99,6678.891244101345
1444780800,250.25,255,250.98,253.27,7587.420046601128
1444694400,244.86,251.5,246.43,250.99,6502.185266080388
1444608000,245.89,249.14,249.01,246.39,5402.186085460704
1444521600,245.63,250,246.06,249.02,4323.219647290069
1444435200,243.8,246.1,244.44,246.07,3688.5334136802135
1444348800,241.1,244.88,242.94,244.35,4935.02552161073
1444262400,242.2,245.38,244,242.94,5622.451567510466
1444176000,240.2,247.96,246.7,244,8821.859794710614
1444089600,240.31,248,240.93,246.64,9574.838497970693
1444003200,237.5,240.98,239.87,240.95,7487.561723470574
1443916800,239.07,240.28,239.93,239.87,3794.120855850033
1443830400,237.73,240.62,238.31,239.92,4332.27031897007
1443744000,236.97,239.4,238.34,238.28,5907.549291830351
1443657600,236.9,239.86,237.1,238.34,5676.9389148804175
1443571200,236.26,238.75,236.88,237.14,5479.432846100291
1443484800,236.65,241.05,239.96,236.89,6984.746615370376
1443398400,233.53,240.52,233.53,239.99,8114.322178010115
1443312000,233.2,235.03,234.67,233.58,3302.854501840254
1443225600,233.5,236.2,235.88,234.69,4167.952469470153
1443139200,234.02,237.62,235.35,235.89,6186.862838450231
1443052800,230.09,235.99,230.26,235.27,9375.0941421305
1442966400,229.27,233,231.31,230.26,6357.67604853034
1442880000,224.45,232.5,227.31,231.28,8900.966601860222
1442793600,226.87,233.64,232.26,227.31,7599.8048157801795
1442707200,231.84,234,232.88,232.24,3683.5539890800583
1442620800,232,234.31,233.78,232.88,3604.571902730038
1442534400,231.75,234.96,233.31,233.78,4688.450794600276
1442448000,229.01,235.93,229.72,233.34,7527.998306320695
1442361600,226.85,232,230.67,229.73,7655.6529884301035
1442275200,230.26,232.43,231.02,230.6,7118.307926050101
1442188800,228.01,233.99,230.83,231.01,7984.562513260203
1442102400,229.72,236.91,236.5,230.82,5004.4299755600905
1442016000,235.26,241.12,240.9,236.5,5480.204713780277
1441929600,238.5,241.54,238.55,240.9,5856.642800980789
1441843200,236.69,241.4,238.74,238.52,5811.401953170333
1441756800,238.6,244.69,244.24,238.75,6819.436267680533
1441670400,240.31,247.82,241.31,244.14,8296.9538545911
1441584000,239.21,242.98,241.26,241.31,4902.5811606805955
1441497600,235.54,244.82,236.2,241.29,5273.5396927004895
1441411200,230.12,237.24,231.43,236.01,5615.3197539508565
1441324800,227.24,232.49,227.24,231.39,7070.5463603909775
1441238400,226.48,230.79,229.95,227.25,6668.258624891383
1441152000,226.43,231.43,228.22,229.97,7461.084198331263
1441065600,226.42,233.5,230.76,228.22,8595.949772752077
1440979200,225.23,233,229.4,230.75,6986.515718671635
1440892800,226.59,233.47,230.61,229.39,4975.9907423412
1440806400,228,233.95,231.55,230.61,4469.251130640825
1440720000,221.2,236.18,225.62,231.55,9155.348865121205
1440633600,224,229.99,226.72,225.8,7891.146470131255
1440547200,220.16,231.97,223.73,226.81,9756.262620651372
1440460800,198.02,229.49,211.16,223.73,19685.205780352335
1440374400,210,229.24,229.23,211.16,16523.779444941658
1440288000,226.15,233.25,231.16,229.21,4312.6176901006775
1440201600,222.68,235.53,232.85,231.15,7197.25948925186
1440115200,231.15,236.99,235.56,232.85,8327.534676281633
1440028800,227.45,238.2,227.46,235.56,8819.52508175112
1439942400,214.91,238.99,221.99,227.34,13329.69033609159
1439856000,200,258.04,257.56,221.99,11541.064295150418
1439769600,255.58,261.57,259.2,257.31,6966.279596211128
1439683200,255.67,263.1,262.45,259.2,5493.637487570139
1439596800,261.77,267.69,266.21,262.46,4116.061820420023
1439510400,262.5,267.98,264.48,266.17,6859.076970330372
1439424000,262.94,267.82,266.81,264.67,5343.423017530185
1439337600,265.79,272.4,271.99,266.94,6350.256018950263
1439251200,264.91,271.99,265.15,271.99,5796.144792850137
1439164800,263.17,268.89,267.6,265.15,5478.5821489301825
1439078400,260.97,268.8,262.02,267.63,5046.976875120325
1438992000,260.07,280.16,280.06,262.02,6085.4494366402305
1438905600,277.05,281.17,279.37,279.94,5212.456900650103
1438819200,278.95,282.61,282.44,279.65,5027.855640670022
1438732800,282.01,286.25,285.6,282.77,5765.4877966700415
1438646400,280.11,286.47,280.95,285.51,5580.220529550003
1438560000,280.27,285.86,282.62,280.95,4741.729106669971
1438473600,277.33,282.62,281.53,282.62,3361.0866893000175
1438387200,277.26,285.6,285.2,281.53,3932.4497514500117
1438300800,282.79,290,288.49,285.19,5676.618458930119
1438214400,286.56,291.56,290.26,288.49,5138.981548560032
1438128000,289.01,296.58,295.74,290.19,5223.396170640502
1438041600,293.65,298,294.22,295.76,5761.869617700465
1437955200,287.24,297,293.88,294.21,6461.033134900406
1437868800,288.65,294.49,289.68,293.89,3735.236602550227
1437782400,286.82,291.67,289.12,289.7,4102.452960080447
1437696000,276.43,291.52,277.23,289.12,7362.469082951227
1437609600,276.28,279.75,277.96,277.39,5306.8215753105915
1437523200,275.01,278.54,277.33,277.89,4687.909383310388
1437436800,276.85,281.27,279.96,277.32,4943.559434370182
1437350400,273.34,280,275.6,280,5476.616588550501
1437264000,275,278.48,277.71,275.61,3464.1866759202853
1437177600,276.34,282.71,280.14,277.71,4279.260899210636
1437091200,272.64,281.38,279.38,280.58,6977.01744653139
1437004800,275,292.78,285.7,279.38,8604.671233282083
1436918400,284.98,294.11,287.48,285.7,7586.059252601257
1436832000,286.25,297.78,292.93,287.51,7146.061481461482
1436745600,281.62,312.91,312.19,293.08,12936.002782982867
1436659200,293.5,316.52,294.29,312.16,12917.990757822221
1436572800,284.5,299,286.71,294.23,8509.59783548184
1436486400,269,294.71,269.77,286.67,15892.66692725266
1436400000,267.1,272.5,271.5,269.75,6970.2822474517525
1436313600,264.41,273.97,266.18,270.97,7798.115880972363
1436227200,264.5,272.11,269.78,266.18,6984.362157803134
1436140800,268.27,277.88,272.17,269.94,10013.390944411009
1436054400,258.99,275.25,260.64,271.74,8452.80236186054
1435968000,254.4,261,256.94,260.64,4091.546241900961
1435881600,252.77,257.37,254.86,256.95,4782.983464980218
1435795200,253,262,258.96,254.85,6283.471265291334
1435708800,255.12,265.45,263.83,259.02,8238.71198770226
1435622400,255.91,269.39,257.53,263.82,12009.58087921341
1435536000,249.09,257.99,249.11,257.54,10401.4887281232
1435449600,247.51,251.87,251.46,249.11,4290.974553520526
1435363200,242.6,252.22,242.99,251.59,5287.866190900244
1435276800,239.91,243.1,242.46,243,6539.247585490186
1435190400,239.91,243.44,240.14,242.44,5678.555487760235
1435104000,239.51,244.92,244.54,240.04,5323.510725260092
1435017600,243.01,248.06,247.48,244.52,5295.436787200157
1434931200,243.86,248.5,244.66,247.5,5569.179518610137
1434844800,242,246.98,246.08,244.66,3694.453850930007
1434758400,240.46,246.99,246.33,246.13,4371.214580110217
1434672000,245.04,251.05,249.33,246.33,6096.257949229995
1434585600,243.51,253.29,250.18,249.27,8234.705712751389
1434499200,247,259.46,251.88,250.25,9886.200904801028
1434412800,236.01,253.26,236.92,251.91,10434.118148151272
1434326400,233.6,238.5,233.61,236.99,6051.862528390435
1434240000,232.53,235,233.49,233.6,2314.7363405400247
1434153600,228.79,233.49,229.21,233.47,4139.573721499901
1434067200,229.01,231.32,229.68,229.47,6060.531625720222
1433980800,228.7,230.92,228.79,229.69,5605.95005072026
1433894400,227.98,230.45,229.31,228.73,5978.9945587502925
1433808000,228.31,232.06,229.1,229.18,6346.630668600381
1433721600,223.63,230.16,223.88,229.1,6963.876206050652
1433635200,222.88,226.09,225.48,223.89,3622.802859600269
1433548800,224.27,225.61,225.03,225.48,3610.501474510199
1433462400,223.01,226.74,224.57,224.97,6597.663972051077
1433376000,223.56,226.07,225.85,224.57,5968.043963520688
1433289600,223.82,227.45,225.83,225.86,6865.554438801226
1433203200,221.84,226.68,223.55,225.85,9003.065135023035
1433116800,221.58,230.99,230.18,223.56,10192.01764656291
1433030400,229.55,233.94,233.61,230.21,5912.287985451811
1432944000,231,236.99,236.89,233.55,6280.907999290417
1432857600,235.01,237.68,237.25,236.89,6398.981364353424
1432771200,236.23,238.48,237.35,237.34,6022.721944132596
1432684800,236.47,238.75,236.8,237.35,6580.281589722314
1432598400,235.81,238.34,237.39,236.79,6214.217661102473
1432512000,236.71,241.4,240.68,237.43,3984.514851950277
1432425600,238.27,242,239.38,240.82,3406.3031682504734
1432339200,237.89,240.64,240.41,239.36,3726.9801443103083
1432252800,235.11,242,235.77,240.45,7695.087238640821
1432166400,234.16,236.74,234.55,235.77,6237.8836523107875
1432080000,232.54,235,232.58,234.54,7055.180549740806
1431993600,231.53,234.92,234.04,232.59,6915.073052870599
1431907200,231.66,237.89,237.1,234.04,7092.733766580542
1431820800,236.7,238.45,236.72,237.12,4917.894131400117
1431734400,235.48,237.99,237.91,236.73,2739.830773810005
1431648000,236.89,239,237.39,237.82,9083.087908990237
1431561600,232.61,240,236.93,237.46,10365.968040770249
1431475200,235.54,244.13,242.04,236.32,10028.946882730197
1431388800,240.37,243.4,242.74,242.03,6322.571412340281
1431302400,239.5,245.49,241.59,242.86,6176.4812421602255
1431216000,239.63,244.89,242.59,241.57,5050.480057140081
1431129600,240,247.6,244.44,242.5,5018.675194400051
1431043200,236.35,247.06,237.97,244.54,8424.71221905051
1430956800,228.67,239.18,230,237.99,8754.813380200358
1430870400,228.38,237.87,236.76,230,7836.314385060252
1430784000,232,240,239.75,236.76,9267.394289590553
1430697600,238.06,243.99,240.88,239.75,8837.539186050299
1430611200,234.26,242.97,235.94,240.78,5731.798158740371
1430524800,233,237.15,233.15,235.94,6183.713436270326
1430438400,233.01,238.78,236.78,233.14,9969.216130440855
1430352000,225.1,240,225.78,236.81,11345.968982130516
1430265600,220.2,227.3,225.39,225.6,6765.636713750213
1430179200,220.46,229.04,227.41,225.64,6806.317446940327
1430092800,218.78,231.11,221.27,227.58,12011.709017250543
1430006400,215.56,227.91,227.05,221.27,9493.08914679039
1429920000,226.83,233.67,231.51,227.05,4932.99588695014
1429833600,230.12,236.93,235.95,231.51,6481.07143681021
1429747200,232.79,236.54,233.96,235.99,6599.673243190158
1429660800,232.78,238.6,235.89,233.98,7390.953140700192
1429574400,224.01,235.89,225.35,235.89,9517.598667550226
1429488000,223.45,227.45,224.03,225.37,7501.120792730219
1429401600,223.44,226.72,224.04,224.03,4655.05391455998
1429315200,222.18,224.04,223.55,224.02,4495.801824100024
1429228800,220.46,230.08,229.45,223.62,7338.9675477001765
1429142400,223.66,230.75,224.35,229.45,8248.389761120216
1429056000,218.09,224.52,221.05,224.35,8708.367431300183
1428969600,216.92,226.9,225.42,221.05,12054.596084070527
1428883200,220.77,238,237.57,225.73,11641.757952320413
1428796800,234.02,239.16,237.91,237.55,4387.154726400044
1428710400,234.77,239.99,236.78,237.91,5651.466054880169
1428624000,232.35,244.66,244.46,236.78,11482.961919290428
1428537600,239.02,248.16,246.81,244.74,7622.991632380363
1428451200,244.29,255.75,254.23,246.58,7494.49534827033
1428364800,253.45,258.7,256.84,254.27,7876.0645052703885
1428278400,255,263,261.49,256.85,7500.093841710345
1428192000,252.06,262,254.37,261.47,5194.855040950385
1428105600,251.26,256.6,255,254.36,4316.351312190052
1428019200,252.59,257.43,254.79,254.84,7181.22297277035
1427932800,245.8,255.24,247.5,254.39,8681.547172220275
1427846400,241.07,248.22,245.5,247.87,9892.613475359933
1427760000,242.87,249.98,248.78,245.5,8102.2670031602665
1427673600,237.94,250.06,243.6,248.78,11491.654083250492
1427587200,241,254,253.6,243.69,8522.39278477052
1427500800,247.81,254.99,247.93,253.52,5888.048704690313
1427414400,246.44,250.99,249.76,247.81,8447.89295832041
1427328000,244.92,254.9,246.99,249.88,10904.2882674808
1427241600,234.51,249.99,246.29,246.88,11846.581541900898
1427155200,244.86,268.51,267.54,246.15,17690.106147930466
1427068800,260.81,273.99,269.25,267.53,13635.269852891048
1426982400,259.71,271.27,261.57,269.45,5819.245293240327
1426896000,256.66,263.62,263.31,261.9,6016.588187960308
1426809600,259.31,267.42,263.06,263.31,7566.590872410518
1426723200,249.2,266.8,258.62,263.05,16404.765084759874
1426636800,250,287,286.63,258.5,18679.037008408883
1426550400,284.01,293.69,292.36,286.74,7791.72680920019
1426464000,287.41,294.99,287.99,292.37,8869.056835510206
1426377600,282.5,289.24,283.77,288,4415.880155860385
1426291200,280.86,289,284.37,283.95,7282.5964331103205
1426204800,284,296.43,295.87,284,12043.69302286075
1426118400,291.87,298.9,296.98,296.05,9640.8733421
1426032000,290.51,297.8,293.46,296.99,9776.451595440516
1425945600,289.82,299.48,290.2,293.47,16271.021870069562
1425859200,275,294.42,275.47,290.19,13736.242589619203
1425772800,270.29,278.97,276.86,275.5,5138.800030600188
1425686400,270.55,279.44,273.22,276.89,6221.991415350365
1425600000,269.12,280,276.54,273.23,10144.840131540084
1425513600,262.49,281.09,273.38,276.86,11638.13678252017
1425427200,267.39,287,283.09,273.37,14753.679508370138
1425340800,267.07,289.5,276.79,283.27,18829.854890770042
1425254400,256.6,279.8,260.29,276.7,18215.978190069512
1425168000,244.88,262,255.73,260.24,10419.57555991
1425081600,250,256.97,254.42,255.59,7485.383327590214
1424995200,236.29,259,237.21,254.42,20700.59719841092
1424908800,234.33,238.47,238.21,237.11,8549.857126460154
1424822400,235.1,241,239.87,238.19,7840.904842670319
1424736000,235.51,241.91,239.49,239.87,8923.575578980317
1424649600,232,240.97,236.83,239.49,10028.206328200453
1424563200,234.01,247.48,245.72,236.83,8280.004721000396
1424476800,244,248.43,245.34,245.99,6213.95050304029
1424390400,239.99,248.32,241.11,245.34,11201.81202565068
1424304000,235.58,245,237.49,240.9,9467.69858158084
1424217600,231.93,246,244.9,237.49,12926.153137640551
1424131200,233,248,234.41,244.82,16806.6525722203
1424044800,229.6,241,235.54,234.68,10505.842182440401
1423958400,228,267.86,256.66,235.54,16943.779411700438
1423872000,236.08,259.98,236.92,256.66,15320.09615300057
1423785600,221.55,242.36,223.2,236.49,15257.97099300054
1423699200,218,224.61,219.96,223.21,7833.478759890155
1423612800,217.46,223.61,221.07,219.81,8986.848176970481
1423526400,215,222,221.13,220.87,5397.879752130188
1423440000,216.45,225,224.01,221.1,6549.989068210274
1423353600,220,231.6,229.16,223.99,4294.59519081008
1423267200,222.67,230.5,223.2,229,4099.998907730165
1423180800,216.03,226.64,216.84,223.2,5693.965066640364
1423094400,215,228.9,227.11,216.76,7405.30152893045
1423008000,221.5,230.99,228.77,227.11,9144.88277442082
1422921600,225.32,243.9,237.01,228.58,8321.94298864069
1422835200,220.89,240.1,228.39,237.83,7451.634216180972
1422748800,210,233.79,218.67,228.99,7233.4747219507135
1422662400,217.11,234.67,229,218.45,5595.577390790177
1422576000,227.89,244.59,235,229.07,5774.295652190104
1422489600,221.14,242,235.89,235.03,6637.404347900122
1422403200,228.5,265.99,263.96,236.09,5339.784137060139
1422316800,244.03,278.47,274.73,263.65,1630.2117655299871
1422230400,241.43,322.72,262.78,274.48,5180.318794040011
1422144000,245.32,256.26,248.02,254.53,478.75554094
1422057600,215,250.58,215,240,1.74
1421971200,215,235,230,235,0.18000100000000005
1421884800,216.59,257.73,245.5,226.32,4.359999999999971
1421798400,219,225.51,219,225.51,0.13770722000000002
1421712000,208,218,215,218,0.04
1421625600,210,225.51,210,225.51,0.41000000000000003
1421452800,184,210,210,184,0.11199999999999999
1421366400,189,225.5,210.98,199.46,4.689999999999945
1421280000,150,224,191.99,204.22,2.9773207600000005
1421193600,109.87,221,200,120,11.304637779999803
1421107200,260,260,260,260,1
1420675200,264.81,360,360,288.99,10.349999999999826
1418860800,340,345,345,340,2
1418342400,350,379,379,350,3.1499999999999995
1418169600,360.5,398,398,360.5,0.02
1417996800,375,375.01,375.01,375,0.23500000000000001
1417824000,378,378,378,378,0.015
1417651200,377.1,377.1,377.1,377.1,0.01
1417564800,377.01,378,377.9,378,0.54660842
1417478400,377,378,377,378,15.0136
1417392000,300,370,300,370,0.05655554
