1510531200,306.5,319,307.11,315.56,144149.63453757536
1510444800,301.04,316.55,315.7,307.1,178394.29716088893
1510358400,297.67,319.94,298.04,315.69,122516.31799770355
1510272000,291.3,325.12,320.73,298.04,160998.58312033792
1510185600,307.01,329.47,307.92,320.72,163473.39387319156
1510099200,291,319.89,292.42,307.91,228849.22769987813
1510012800,287,304,297.32,292.42,149215.6264089034
1509926400,292,304.9,296.58,297.32,89982.42383483736
1509840000,295.64,302,301.74,296.57,55753.18095433123
1509753600,295,306,306,301.66,64928.85423257106
1509667200,285.4,308.06,285.4,306,121278.95743577858
1509580800,278.88,296,290.84,285.4,201631.66898667623
1509494400,289.51,305,303.51,290.82,116199.62210399786
1509408000,303.49,309.94,306.87,303.51,61321.85743897014
1509321600,302.53,309.69,303.39,306.87,42525.50944584413
1509235200,294.29,310,295.12,303.38,68441.65147845243
1509148800,293.51,297.9,297.48,295.11,27237.43966032437
1509062400,291.53,298.98,295.98,297.59,40781.36186865328
1508976000,293.81,299.95,296.76,295.98,46574.43418010856
1508889600,288.05,300.97,297,296.76,73849.4692647297
1508803200,280.3,311.7,285.84,296.99,173118.46810103187
1508716800,275.46,295.15,295.14,285.83,130409.73520391864
1508630400,291.81,306.55,300,295.14,62949.258536176356
1508544000,291.38,303.74,303.16,300,116943.66539020446
1508457600,302,311.53,308.02,303.15,93615.79062347407
1508371200,305.34,316.21,313.59,308.02,84535.78998177045
1508284800,287.4,316.53,316.32,313.59,167624.58903338973
1508198400,310.5,334.66,334.33,316.37,117183.55617481798
1508112000,330.84,350,336.89,334.36,140568.68287796163
1508025600,320,341,338.37,336.89,103363.7383346034
1507939200,332.46,347,335.85,338.37,91557.12069490716
1507852800,298.29,345,302.12,335.89,272932.40100395586
1507766400,300.3,307,302,302.12,114002.13062999207
1507680000,297.53,303,297.99,302,45397.39333105018
1507593600,290.23,305,297,297.99,88300.16104588863
1507507200,285.88,309.32,309.2,297,145512.8241224277
1507420800,308.62,313.6,311.12,309.2,44589.084232639136
1507334400,304.57,314.62,307.73,311.12,66524.25999297271
1507248000,294.21,308.5,294.89,307.73,95956.7830707918
1507161600,286.44,296.99,292,294.89,44754.00010260956
1507075200,289.62,295,292.36,292,42408.16339292738
1506988800,287.65,299,296.78,292.36,59958.73696597193
1506902400,293.73,303.5,303.25,296.72,62589.24548424581
1506816000,295.75,303.25,301.57,303.25,42910.470584267
1506729600,291.25,304.69,291.88,301.57,62093.31887723941
1506643200,278,302.6,302.33,291.88,165273.02834076845
1506556800,298.1,310,309.86,302.33,94872.87426244727
1506470400,288.25,312.75,288.77,309.85,121905.91012242681
1506384000,286,295.48,294.41,288.77,64074.74729666135
1506297600,282.66,296.7,283.21,294.41,90047.1869631091
1506211200,276.23,294.89,286.03,283.21,95448.6682210691
1506124800,260.02,286.63,263.88,286.03,79343.853527801
1506038400,254.01,272,258.11,263.88,120473.05688254375
1505952000,252.55,286.99,283.55,258.11,211088.93252844797
1505865600,278.04,293.71,282.94,283.55,108924.54300683714
1505779200,275.25,301,298,282.8,172838.46434059046
1505692800,259.65,303.78,259.66,298,298148.2419927643
1505606400,240.15,272,255.85,259.66,127514.74772369453
1505520000,247.1,278,260.87,255.84,194274.24114785288
1505433600,202.25,270,223.85,260.88,667691.4083156805
1505347200,221.3,280.75,275.71,223.85,517639.0817946572
1505260800,256.41,294.5,294.5,275.71,330026.41740092245
1505174400,286,316.19,298.47,294.5,193866.58976530173
1505088000,288,307.97,300.34,298.47,131872.01197786606
1505001600,285,306.5,305,300.33,123361.66149130421
1504915200,294,313.87,307.96,304.99,97355.03034048829
1504828800,292.71,335.56,335.56,307.96,299130.54105004907
1504742400,323.26,339.38,339.38,335.56,103175.36266456022
1504656000,319.3,345,320.09,339.38,194954.19593943172
1504569600,290,325,316.87,320.08,318345.08443582355
1504483200,285,353.15,353.06,316.86,458363.97586800746
1504396800,344,372,354.88,353.06,137268.86305023724
1504310400,333,393.76,392.87,354.87,293355.85907920415
1504224000,386.98,396.88,389.2,392.87,160625.63666625417
1504137600,381.2,389.97,384.1,389.2,119008.82851470532
1504051200,368.3,392,372.48,384.1,164878.68754003328
1503964800,347.54,374.91,347.54,372.48,172759.55118813712
1503878400,336.35,349.99,348.2,347.54,111495.22073892785
1503792000,332.44,348.2,332.99,348.2,94727.1809253853
1503705600,325.1,334.51,330.14,332.99,64246.34816484244
1503619200,324.38,336.99,324.56,330.14,118401.41049801742
1503532800,316,328,317.5,324.56,77759.29281317009
1503446400,313.72,324.61,314.19,317.5,102639.35578646573
1503360000,292,329.97,322,314.19,200165.5668560068
1503273600,295.27,344.34,297.79,322,312029.8741107932
1503187200,289.5,298.5,293.58,297.79,55102.04407497107
1503100800,287,298.7,292.86,293.58,68015.67500724283
1503014400,287,306.09,300.66,292.87,132117.7364319433
1502928000,298,309.41,300.45,300.67,117913.06770257876
1502841600,280,303.9,286.71,300.45,125513.82855209665
1502755200,267,299.18,299.16,286.71,213469.49369544262
1502668800,294.96,309.35,296.67,299.16,116393.36475547795
1502582400,287,309.95,308.35,296.66,196015.46006708092
1502496000,303.61,319.7,309.65,308.35,175575.27441116763
1502409600,295.79,310,300.51,309.65,131543.39345793042
1502323200,288.34,309.8,295.26,300.51,154431.32113166834
1502236800,276.55,314.71,295.95,295.26,465300.4311130486
1502150400,267,299.45,269.89,295.95,267293.8941195914
1502064000,257.1,274.81,263.97,269.9,168723.43057381763
1501977600,250.99,273,251.86,263.96,239167.7737349777
1501891200,219.54,258.98,220.72,251.85,321010.4572135175
1501804800,219.51,226.82,224,220.72,98579.24462275839
1501718400,217.35,227.53,217.92,224,113156.87452226169
1501632000,215.37,228.8,225.73,217.92,149914.8419749315
1501545600,200.82,232.73,200.83,225.73,435740.96008319495
1501459200,190.78,201.98,196.95,200.82,117870.18959965173
1501372800,193.26,209.9,205.89,196.95,105150.12887104883
1501286400,178.03,209.77,190.99,205.9,273012.7828437998
1501200000,189.34,203.95,202.95,190.72,170501.28638394046
1501113600,198.85,205,203.23,202.94,125499.32223404647
1501027200,193.4,209.89,203.78,203.23,212118.5664652376
1500940800,193,226.59,225.97,203.78,367608.6653038843
1500854400,224,229.99,228.27,225.96,74985.12540112795
1500768000,221.2,234.35,230.69,228.31,115026.494328923
1500681600,215.1,237.67,216.58,230.69,179559.84451828248
1500595200,208.5,238,226.23,216.6,289938.1718454896
1500508800,194.74,237,194.74,226.06,616585.0707208174
1500422400,186.01,243.9,227.01,194.74,769786.829200595
1500336000,176.51,249.4,190.87,227.01,871479.857425283
1500249600,153.25,191.5,155.69,190.87,632196.8433743039
1500163200,130.26,172.3,168.22,155.68,609575.3179739059
1500076800,167,198.97,197.23,167.72,261390.37737054424
1499990400,183.12,206.99,205,197.23,213173.03601057414
1499904000,193.07,227,224.01,205,226687.27750421653
1499817600,181,228.88,190.57,224.04,417509.9355160552
1499731200,175.56,216.5,201.65,190.57,529774.0694548395
1499644800,185.39,240.33,238.4,202.86,398041.70357687643
1499558400,236,253.31,246.65,238.81,71495.74660515996
1499472000,231.25,249.5,241.27,246.64,135553.2461374095
1499385600,235.01,266.97,266.01,241.28,179626.37734542417
1499299200,261.59,275,266.27,266.01,86798.16421097732
1499212800,252.67,274.97,269.18,266.27,166163.82262045666
1499126400,265,282.83,276.37,269.2,109581.74518996879
1499040000,273.07,285,285,276.37,126096.98196562452
1498953600,255.7,293.73,263.12,285,191572.30990719187
1498867200,253.23,281.98,280.03,263.12,178935.36344757403
1498780800,270.5,306.5,292.95,280.04,232751.6070429505
1498694400,286.22,322.9,315.32,292.95,204007.41125812626
1498608000,260.11,323.69,287.27,315.32,401371.57267849817
1498521600,211,288.51,252.97,287.23,469297.3514407401
1498435200,206.5,293,278.49,252.99,572314.3998498683
1498348800,251.3,310,304.5,278.49,263539.24893237156
1498262400,295.55,330.7,326.98,304.5,131622.40622570532
1498176000,316.66,332.95,320.02,326.99,77450.68733617973
1498089600,305,336.68,327.36,320.02,149181.5176763793
1498003200,0.1,352,350.94,325.41,441443.3771847048
1497916800,325,365.79,358.71,350.94,209201.56716038787
1497830400,346.88,362.5,351.84,358.71,103080.82531791605
1497744000,340.11,381.66,368.99,351.85,156569.03884936945
1497657600,341.65,369,354.26,368.98,144149.6794316876
1497571200,314,364,343.71,354.26,256310.93905472633
1497484800,253,356.29,341.7,343.71,750547.0873300195
1497398400,315,394.47,388,341.7,373871.1368720506
1497312000,359.75,400,397.36,388,270476.8496773756
1497225600,306.11,420,343.29,397.37,535794.3885575797
1497139200,317.05,355,340.13,343.01,251525.94552899664
1497052800,278.03,358.46,279.39,340.2,424265.29444260336
1496966400,258.63,279.39,258.64,279.38,191150.05975100934
1496880000,250,261,255.61,258.64,137027.2051250929
1496793600,244.98,265.63,264.5,255.68,218451.7317111193
1496707200,247,269.36,247.99,264.22,321257.13754041516
1496620800,241.2,248.98,245.48,248,148011.87141511645
1496534400,224,249.04,224.95,245.5,212985.74100257937
1496448000,218.56,227.5,221.95,224.95,110232.35093059816
1496361600,216.5,229.75,221.84,222.04,166318.69028256627
1496275200,206.02,238.97,229.15,221.91,345615.0610554423
1496188800,215.42,234.76,228.67,229.14,350747.4538194595
1496102400,185,233.09,194.89,228.69,448799.0964840418
1496016000,167,199,175.48,194.82,218954.24000922925
1495929600,159.59,185,159.71,175.48,236048.03860151296
1495843200,115.67,172,163.78,159.91,465245.2504034736
1495756800,140,199.99,181.4,163.8,442672.0387794426
1495670400,162.04,217.85,196.05,181.51,484963.6372680427
1495584000,167.7,202,169.9,196.06,361462.1007913839
1495497600,155.7,177.9,160.38,169.95,269502.82652924454
1495411200,131.22,184.22,148.86,160.1,644125.7752023556
1495324800,122,148.97,123.56,148.78,324006.39530954487
1495238400,121,129.34,125.04,123.63,201014.212475364
1495152000,96.18,129.98,96.2,125.14,484630.3166569962
1495065600,86.5,96.2,86.88,96.2,173624.13374964823
1494979200,82.5,89.98,87.97,86.88,152795.3972630403
1494892800,87.08,92.3,91,87.98,127231.000224524
1494806400,89.28,94.7,89.42,91,131360.8638239715
1494720000,87.13,89.94,88.38,89.39,53005.39652230989
1494633600,82,88.74,85.19,88.42,88763.29724551865
1494547200,82.2,90.3,88.3,85.17,135905.56078611463
1494460800,87.01,90.99,88.36,88.3,115231.8636894929
1494374400,85.39,91.98,86.77,88.36,143173.17657740976
1494288000,75.89,90.08,89.25,86.58,274267.2788844694
1494201600,85.1,94.74,93.83,89.25,212998.73307999462
1494115200,90,97.95,95.74,93.82,146491.26305558716
1494028800,91.94,96.42,91.94,95.84,111473.40974382724
1493942400,89,98.98,95.98,91.93,241438.76475488872
1493856000,80.31,96.66,81.19,95.97,356318.143801709
1493769600,75.89,81.4,77.55,81.29,217883.90685325084
1493683200,75.54,83.07,79.05,77.55,211377.99207141824
1493596800,72.24,85.21,80.72,79.35,417879.46175764845
1493510400,70,82.9,70.37,80.87,272305.88406689407
1493424000,68.24,74.89,73.17,70.4,243329.55614270872
1493337600,62.5,74.9,63.65,73.14,442914.9522007627
1493251200,52.66,63.99,53.4,63.67,307114.8476979669
1493164800,50.25,54.85,50.28,53.42,188049.5530161293
1493078400,50,50.75,50.11,50.31,76618.84027044012
1492992000,48.94,50.44,48.95,50.12,87541.85950956814
1492905600,48.25,49,48.58,48.96,53490.166386459605
1492819200,48.22,49.08,48.38,48.61,59641.6102237008
1492732800,48.24,49.49,49.39,48.37,76506.47565472776
1492646400,47.6,49.5,47.71,49.38,93679.7618952377
1492560000,47.25,50.32,49.85,47.78,103897.50858063501
1492473600,47.7,49.93,47.94,49.79,81393.8179805997
1492387200,47.5,48.29,48.19,47.94,54227.31028445157
1492300800,47.5,49.25,48.93,48.13,42384.531008479964
1492214400,46.78,74.98,47.19,48.94,43693.045858190744
1492128000,46.52,50,49.86,47.2,85109.7751632972
1492041600,46.22,51.11,46.48,49.77,175187.3019305188
1491955200,43.58,47.88,43.84,46.48,124468.47322413295
1491868800,43.55,44.5,43.92,43.83,55281.65323417872
1491782400,42.72,44.65,43.92,43.92,68327.80057904604
1491696000,42.72,44.74,44.5,43.92,56534.480297881164
1491609600,42.31,45.5,42.32,44.45,78790.9284144914
1491523200,41.57,44.64,43.31,42.32,106456.10648903415
1491436800,41.1,45.97,44.97,43.3,172306.59173301022
1491350400,44.2,47.63,44.45,44.78,153161.83660281636
1491264000,41.45,46.25,44.33,44.47,218469.02147231955
1491177600,42.39,48.97,48.74,44.25,324319.06028290786
1491091200,48.14,51.19,50.72,48.74,150244.535933267
1491004800,48.85,51.85,50.17,50.71,90500.31838148637
1490918400,46.98,52.41,51.87,50.18,248181.61398358856
1490832000,51.52,53.34,53.11,51.88,133949.1008972617
1490745600,50.11,53.97,50.29,53.1,242696.3527982771
1490659200,48.51,50.44,48.97,50.3,148959.57706626903
1490572800,48.28,51.71,50.74,48.97,167938.53678327383
1490486400,48.51,51.5,50.61,50.73,139381.5921460405
1490400000,47.29,53.4,52.93,50.5,322603.66520118125
1490313600,42.5,53.44,42.92,52.93,412077.1115009434
1490227200,40.33,43.97,41.33,42.99,176283.5822655144
1490140800,38.26,42.59,42.39,41.37,215177.81408524848
1490054400,41.76,43.68,42.37,42.36,153374.8334075778
1489968000,40.86,45.25,43.21,42.31,229608.94221825173
1489881600,33.78,45.64,34.03,43.21,459226.8087967651
1489795200,30.7,45,44.62,33.64,569966.2143954432
1489708800,35.04,57.67,45.97,44.62,719985.8498964371
1489622400,35.65,47.03,35.66,45.96,732487.8045377221
1489536000,28.5,35.86,28.69,35.65,408483.55596896715
1489449600,27.16,30,28.63,28.69,226095.63753758642
1489363200,23.38,31.1,23.38,28.64,625354.2405118549
1489276800,21.33,24.25,21.67,23.39,263673.05636486266
1489190400,18.91,21.89,19.21,21.64,228815.88246844173
1489104000,17.01,19.7,17.81,19.2,309439.25716125645
1489017600,16.2,18.29,16.66,17.82,182292.81461264996
1488931200,16.65,18.96,18.96,16.68,280505.20713503583
1488844800,18.59,19.77,19.68,18.96,156651.28136576805
1488758400,19.17,20.24,19.39,19.68,141853.14193664593
1488672000,18.18,19.45,18.65,19.4,128246.54175648578
1488585600,18.65,20.4,19.61,18.65,150803.54752054636
1488499200,18.2,21.49,19.27,19.68,418152.92545871256
1488412800,16.88,19.99,17.46,19.27,353524.8735659249
1488326400,15.68,17.58,15.75,17.37,251745.10779028083
1488240000,15.21,16.94,15.66,16.4,345259.5868013039
1488153600,14.37,16.32,14.74,15.66,228006.55645928803
1488067200,13.4,14.84,13.64,14.74,100654.43777811946
1487980800,13.06,13.87,13.18,13.65,96882.62283401981
1487894400,12.81,13.33,13.22,13.2,141499.8720466089
1487808000,12.73,13.37,12.74,13.21,101634.49129408223
1487721600,12.68,12.99,12.83,12.75,83634.95450295036
1487635200,12.3,12.87,12.59,12.83,99099.33659704876
1487548800,12.56,12.95,12.9,12.61,70683.04381469022
1487462400,12.79,12.95,12.87,12.9,34800.25459417985
1487376000,12.77,12.93,12.77,12.89,45718.18875313
1487289600,12.71,12.95,12.92,12.75,90714.24317994925
1487203200,12.62,13.03,12.98,12.89,89347.61029441704
1487116800,12.66,13.2,13.16,12.98,117752.61105449198
1487030400,11.39,14.7,11.42,13.14,260346.41108622195
1486944000,11.21,11.54,11.5,11.43,50099.23780289005
1486857600,11.4,11.54,11.51,11.5,23350.563271330004
1486771200,11.34,11.52,11.44,11.52,35280.005275690295
1486684800,10.88,11.48,11.02,11.43,69285.60782676032
1486598400,10.61,11.54,11.41,11.02,118350.41672173154
1486512000,11.15,11.65,11.51,11.41,88158.86526488027
1486425600,11.29,11.59,11.33,11.51,57255.839019110295
1486339200,11.22,11.42,11.27,11.34,47758.97672150016
1486252800,11.15,11.44,11.39,11.26,39382.953069440206
1486166400,10.98,11.45,10.99,11.41,89632.44176955106
1486080000,10.67,10.99,10.82,10.99,49696.94671619018
1485993600,10.62,10.86,10.73,10.82,48583.70326323032
1485907200,10.51,10.86,10.7,10.72,58400.8276366404
1485820800,10.58,10.79,10.59,10.7,40509.60288467008
1485734400,10.37,10.71,10.5,10.6,42007.881049090094
1485648000,10.46,10.58,10.58,10.49,19237.128954929904
1485561600,10.47,10.58,10.55,10.58,26299.93357053989
1485475200,10.42,10.64,10.61,10.55,45845.48034510999
1485388800,10.5,10.67,10.54,10.6,43444.181718439984
1485302400,10.43,10.66,10.57,10.55,41045.887542230106
1485216000,10.51,10.92,10.79,10.57,55179.702531137635
1485129600,10.65,10.85,10.77,10.8,35338.62281060998
1485043200,10.66,11.07,10.94,10.77,49893.01076167015
1484956800,10.58,11.06,10.65,10.93,60044.832101359614
1484870400,10.42,10.81,10.46,10.62,59455.01891867057
1484784000,10.18,10.5,10.24,10.42,47611.24661443962
1484697600,9.99,10.51,10.33,10.23,62955.27909693003
1484611200,9.65,10.53,9.66,10.34,70389.9885456989
1484524800,9.56,10.23,9.91,9.66,63108.98556622043
1484438400,9.8,10.05,9.86,9.9,27754.144260249654
1484352000,9.69,9.94,9.84,9.86,37226.99646942972
1484265600,9.51,9.91,9.81,9.84,77365.7807898158
1484179200,9.12,10.17,9.96,9.8,79646.57659381603
1484092800,9.47,10.84,10.63,9.95,156666.14005807298
1484006400,10.34,10.75,10.41,10.63,55080.016586172096
1483920000,10.23,10.94,10.5,10.39,71537.44611964551
1483833600,9.89,10.58,9.92,10.5,62882.92455957919
1483747200,9.55,10.21,10.14,9.92,68202.73987845107
1483660800,9.52,10.46,10.23,10.14,139579.0135752914
1483574400,9.08,11.8,11.13,10.23,317606.9332780381
1483488000,9.34,11.17,9.62,11.17,249702.42951789105
1483401600,8.24,10.02,8.38,9.59,193075.39458168892
1483315200,8.05,8.53,8.2,8.38,70490.23263028766
1483228800,8.08,8.6,8.16,8.18,59519.78894093955
1483142400,8,8.29,8.2,8.16,43418.849860299844
1483056000,8.01,8.52,8.3,8.21,66140.23918059016
1482969600,7.6,8.53,7.6,8.29,152526.66075647034
1482883200,7.05,7.72,7.15,7.62,98303.43480063087
1482796800,7.05,7.37,7.23,7.16,45354.196358349494
1482710400,7.02,7.33,7.18,7.26,26970.3200298602
1482624000,7.12,7.34,7.23,7.19,26438.835102469784
1482537600,7.08,7.46,7.14,7.22,29874.259512479577
1482451200,7.01,7.67,7.54,7.13,95553.44592548837
1482364800,7.5,7.95,7.93,7.55,86905.17310972867
1482278400,7.64,7.97,7.64,7.91,46350.307419279845
1482192000,7.55,7.77,7.65,7.64,28560.53439842011
1482105600,7.57,7.95,7.92,7.64,41333.5067209598
1482019200,7.69,7.97,7.84,7.92,21241.08083959002
1481932800,7.51,7.93,7.84,7.85,37372.579750249955
1481846400,7.77,7.95,7.85,7.84,33701.60810741993
1481760000,7.64,8.32,8.24,7.83,74745.17121022005
1481673600,8.19,8.48,8.4,8.24,34073.30998725988
1481587200,8.35,8.57,8.53,8.41,37242.662228090274
1481500800,8.18,8.62,8.23,8.5,44454.92057029008
1481414400,8.11,8.26,8.14,8.23,22169.58367344008
1481328000,8.04,8.55,8.46,8.14,44650.737266909855
1481241600,7.97,8.65,8.21,8.47,60616.06116836046
1481155200,8.2,8.95,8.35,8.2,69188.60655470053
1481068800,7.33,8.6,7.83,8.35,91022.39199887912
1480982400,5.81,7.99,6.76,7.83,169727.89511205952
1480896000,6.56,7.58,7.39,6.75,93549.91705136975
1480809600,7.35,7.92,7.87,7.37,45053.36838460996
1480723200,7.34,8.12,7.73,7.86,57901.27746199008
1480636800,7.27,8.46,8.46,7.73,118183.25313795859
1480550400,8.3,8.68,8.59,8.45,42193.04172296989
1480464000,8.14,8.75,8.14,8.61,57443.67791609185
1480377600,7.79,8.72,8.67,8.14,84684.16746046167
1480291200,8.63,9,8.97,8.67,46708.57126502999
1480204800,8.66,9.33,9.33,8.98,61939.50710924002
1480118400,9.26,9.48,9.42,9.33,17875.333663070047
1480032000,9.16,9.74,9.19,9.4,21992.720039600015
1479945600,8.68,9.82,9.8,9.18,67233.11391859007
1479859200,9.73,9.93,9.87,9.8,21427.232821239897
1479772800,9.49,10.21,9.53,9.87,38033.86777790008
1479686400,9.41,9.65,9.58,9.54,28988.662203819793
1479600000,9.52,9.78,9.69,9.6,25186.767753879998
1479513600,9.45,9.78,9.51,9.68,25492.172459130186
1479427200,9.45,9.97,9.9,9.51,55819.740977869624
1479340800,9.8,10.13,10,9.91,48661.31895180992
1479254400,9.82,10.42,10.27,10,42878.92400580031
1479168000,9.81,10.3,10,10.27,30112.61210254972
1479081600,9.93,10.19,10.13,10.02,29836.41862090001
1478995200,9.82,10.41,9.92,10.14,26632.72759073998
1478908800,9.65,10.34,10.29,9.95,46389.01102956997
1478822400,10.16,10.72,10.51,10.29,44519.98049712003
1478736000,10.44,10.68,10.64,10.51,26510.99928124003
1478649600,10.28,10.86,10.83,10.62,73175.22439690014
1478563200,10.81,11.01,10.93,10.84,41425.933792789685
1478476800,10.9,11.06,11.01,10.93,28147.975327759894
1478390400,10.92,11.2,11.16,11.01,20054.207084780024
1478304000,11.01,11.24,11.16,11.16,22486.5020442301
1478217600,10.81,11.16,10.87,11.15,34173.192680519925
1478131200,10.77,11.14,10.82,10.87,51296.31814710027
1478044800,10.72,11.17,10.84,10.83,39928.67548254991
1477958400,10.35,11.25,10.97,10.84,72257.87837690959
1477872000,10.85,11.44,11.2,10.98,34573.58358316009
1477785600,10.35,11.45,10.45,11.19,43247.01519782972
1477699200,9.52,11.35,11.14,10.47,88253.02376513963
1477612800,10.93,11.63,11.49,11.13,49280.810554039905
1477526400,11.22,11.57,11.49,11.48,43041.5536656898
1477440000,11.32,11.7,11.32,11.49,43365.694375539955
1477353600,11.05,11.95,11.91,11.33,73834.13047519972
1477267200,11.89,11.99,11.93,11.92,22587.739702740033
1477180800,11.87,12.06,12.04,11.94,20430.046857900055
1477094400,11.87,12.14,12.05,12.03,25534.432846170006
1477008000,11.96,12.13,12.07,12.05,19934.99934350975
1476921600,11.92,12.26,12.01,12.06,30258.773667659938
1476835200,11.88,12.65,12.55,12.01,39153.63503689986
1476748800,11.95,12.94,11.96,12.54,46033.28690623991
1476662400,11.83,11.99,11.95,11.96,29086.866180260164
1476576000,11.9,12.05,11.96,11.95,16434.519510620055
1476489600,11.78,11.97,11.91,11.95,21325.654447609282
1476403200,11.84,12.07,11.88,11.92,36671.12333651979
1476316800,11.72,12.11,11.92,11.87,33573.944757110046
1476230400,11.68,12.11,11.77,11.92,35966.20680252991
1476144000,11.7,12.24,11.78,11.77,37428.62847418999
1476057600,11.62,12.18,12.1,11.78,48871.347842650284
1475971200,12.02,12.43,12.22,12.1,24643.27120187998
1475884800,12.06,12.74,12.7,12.26,33575.16553441999
1475798400,12.5,13.08,12.88,12.7,53434.63883434956
1475712000,12.68,13.18,13.09,12.86,48476.08066792997
1475625600,13.08,13.45,13.34,13.09,36972.427553019654
1475539200,13.24,13.58,13.52,13.32,54515.655666420105
1475452800,13.25,13.56,13.29,13.51,36084.40484462007
1475366400,13.19,13.31,13.23,13.28,20487.3243321001
1475280000,13.09,13.31,13.23,13.22,32857.122500330224
1475193600,13.08,13.39,13.11,13.23,33018.43006696898
1475107200,13.1,13.39,13.31,13.11,36907.16255684965
1475020800,13.09,13.58,13.09,13.32,43267.65943127985
1474934400,12.85,13.25,12.85,13.09,28030.758435580035
1474848000,12.83,13.15,13.14,12.84,23612.375158149986
1474761600,12.8,13.18,12.96,13.12,19609.302723380013
1474675200,12.62,13.41,13.37,12.97,36744.516237089934
1474588800,13.14,13.45,13.21,13.37,25435.93131045004
1474502400,12.33,13.77,13.77,13.2,69158.51094682007
1474416000,13.16,15.2,14.98,13.76,86873.91313292032
1474329600,13.1,15.25,13.18,14.56,103258.24414717055
1474243200,12.61,13.2,12.64,13.17,37963.90128101972
1474156800,12.33,12.98,12.8,12.64,55642.67412854979
1474070400,12.41,12.99,12.58,12.79,33762.67691171022
1473984000,11.86,12.76,11.95,12.58,56290.96301988949
1473897600,11.91,12.1,11.91,11.96,23164.41465827
1473811200,11.8,12.03,11.92,11.91,24242.33658976999
1473724800,11.84,12.08,11.87,11.92,29477.737563219882
1473638400,11.64,11.95,11.64,11.86,20983.239378809925
1473552000,11.6,12.21,12.2,11.65,25283.892882929948
1473465600,11.55,12.21,11.64,12.21,20050.674118380084
1473379200,11.34,11.69,11.39,11.64,21564.695404489932
1473292800,11.31,11.7,11.55,11.39,31912.58143521992
1473206400,11.53,11.9,11.75,11.58,33512.368630879915
1473120000,11.5,11.76,11.75,11.71,27155.23259947995
1473033600,11.62,11.84,11.77,11.76,14082.01283621002
1472947200,11.54,11.88,11.84,11.77,19087.254314740032
1472860800,11.6,12.47,12.15,11.88,37685.407100299744
1472774400,11.95,12.35,12.04,12.15,40624.95260065972
1472688000,11.57,12.5,11.66,12.05,86923.53623038987
1472601600,11.09,11.7,11.21,11.7,37764.85035054981
1472515200,10.95,11.25,10.95,11.21,26085.364230079944
1472428800,10.8,11.16,11.01,10.95,31692.28420367968
1472342400,10.97,11.19,11.18,11.01,18597.573374449883
1472256000,11.17,11.28,11.27,11.18,19819.182590499953
1472169600,11.2,11.47,11.34,11.28,27315.076306759933
1472083200,10.99,11.35,11.01,11.34,28931.96029962995
1471996800,10.98,11.16,11,11.01,24028.11262634993
1471910400,10.85,11.2,11.1,11,32543.676234169983
1471824000,11.04,11.34,11.17,11.1,36422.5639012902
1471737600,10.98,11.3,11.3,11.21,17991.20253783997
1471651200,10.7,11.37,10.77,11.3,35237.83119914971
1471564800,10.65,10.86,10.77,10.77,29172.24769994984
1471478400,10.76,11.06,10.82,10.77,35781.194560559954
1471392000,10.69,11.26,11.18,10.82,40056.827190689866
1471305600,11,11.38,11.3,11.18,51006.91887219005
1471219200,11.02,11.52,11.28,11.3,33109.31343516994
1471132800,11.2,11.76,11.61,11.28,25765.644253819937
1471046400,11.54,11.86,11.8,11.61,28354.663382440045
1470960000,11.65,12.08,11.73,11.81,30677.552959170014
1470873600,11.6,12.39,12.22,11.73,54926.88562360983
1470787200,11.87,12.91,12.28,12.21,146626.25933811904
1470700800,11.24,12.48,11.33,12.28,84417.44258040997
1470614400,10.94,11.42,10.99,11.34,30922.784589749965
1470528000,10.84,11.25,11,10.99,30029.046252409957
1470441600,10.42,11.18,11.18,11.01,34961.544200899894
1470355200,10.81,11.4,11.3,11.18,47211.474609459765
1470268800,10.42,11.55,10.6,11.32,99077.49496568771
1470182400,8.54,10.78,8.68,10.68,215583.51236400486
1470096000,6.68,11.31,10.9,8.78,195130.5968656755
1470009600,10.8,12.12,11.98,10.95,91877.26285048817
1469923200,11.61,12.67,12.49,11.99,57176.02478704918
1469836800,12.49,12.88,12.84,12.49,38688.56312303996
1469750400,12.57,12.95,12.93,12.84,53574.54517221966
1469664000,12.53,13.14,13.1,12.93,65888.62850024935
1469577600,11.75,13.4,12,13.1,109888.51441768963
1469491200,11.88,13.95,13.93,12,165956.5809666395
1469404800,12.61,14.01,12.71,13.91,102002.13638216963
1469318400,12.05,14.57,14.52,12.78,140551.7577381792
1469232000,14,15.39,14.99,14.52,115664.8590582298
1469145600,12.73,15.11,12.76,14.83,199021.78612214825
1469059200,12.1,13.09,12.53,12.76,72238.15862963046
1468972800,11.22,13,11.7,12.5,39972.640557049905
1468886400,11.07,11.98,11.08,11.75,7847.984050080006
1468800000,11,11.93,11.27,11.05,14252.843128250026
1468713600,11.02,11.92,11.81,11.33,12640.654665269989
1468627200,11.79,12.4,11.98,11.8,7835.09442747001
1468540800,11.4,12.75,11.56,11.99,24310.418737580036
1468454400,10.33,11.78,10.5,11.62,25186.16317150028
1468368000,10.49,10.65,10.58,10.49,5528.535205590005
1468281600,10.5,10.98,10.65,10.57,13923.537707650014
1468195200,10.11,11.16,11,10.72,11107.717927810012
1468108800,10.9,11.3,11.02,11.02,9663.835837080005
1468022400,10.68,11.57,11.39,11.01,9083.526164800012
1467936000,10.05,11.8,10.08,11.43,27617.234903319844
1467849600,9.75,10.7,10.6,10.08,21326.77616712004
1467763200,10.24,11,10.6,10.61,14275.480011130014
1467676800,9.31,11.48,11.45,10.6,34511.706825399924
1467590400,11.41,11.99,11.94,11.48,5533.258147400002
1467504000,11.65,12.16,12.16,12.02,11736.403555890016
1467417600,12,12.45,12.28,12.09,11840.969852780048
1467331200,11.8,12.54,12.48,12.34,19205.489714300027
1467244800,12.19,13.06,12.7,12.49,12663.145809240012
1467158400,11.62,13.13,12.16,12.74,25997.647568339977
1467072000,11.52,14.25,14.06,12.23,42387.67810322002
1466985600,13.85,14.59,14,14.1,10078.63738046999
1466899200,13.6,14.49,14.39,14.02,7488.823638499993
1466812800,14,14.74,14.55,14.37,10302.71187563001
1466726400,13.25,14.8,13.98,14.55,32274.197579149917
1466640000,12.68,14.5,13.18,13.81,34442.87789793002
1466553600,13.07,15.89,13.3,13.18,68057.88469055151
1466467200,11.2,13.89,11.44,13.89,32071.490643450365
1466380800,10.8,12.74,12.35,11.81,34641.79666927961
1466294400,10.72,13.4,11.55,12.35,28851.00195530982
1466208000,10,15.74,15.64,11.64,80852.03798851967
1466121600,13.75,22,20.99,15.65,123086.50823710996
1466035200,18.5,21.35,18.51,20.99,34254.40154851001
1465948800,17.89,18.81,18.79,18.42,13615.195988179978
1465862400,16.96,19.08,17.86,18.79,35354.00175853006
1465776000,15.49,17.93,15.91,17.89,24139.283081059955
1465689600,13.92,15.91,14.14,15.58,20345.765939240093
1465603200,13.86,14.29,13.93,14.1,7584.345783310003
1465516800,13.76,14.74,14.61,13.91,17343.60529673001
1465430400,14.55,14.85,14.64,14.71,8228.78935239
1465344000,14.4,14.87,14.53,14.64,12612.508105629995
1465257600,13.97,14.69,14.21,14.52,13018.452434830018
1465171200,13.83,14.3,14.02,14.22,5140.25595197
1465084800,13.8,14.06,13.97,14.04,1959.5857203397984
1464998400,13.56,14.03,13.98,13.95,6261.459200019998
1464912000,13.49,14.12,14.03,13.98,13008.111583840006
1464825600,13.76,14.18,13.93,14.03,8053.872387280007
1464739200,13.5,14.45,14.15,13.93,10399.907430210033
1464652800,12.37,14.24,12.84,14.16,5807.802671050012
1464566400,12,12.88,12.35,12.88,4135.593026740001
1464480000,11.7,12.49,12.02,12.34,3387.404872139999
1464393600,10.7,12.44,11.3,12.02,15681.862858500035
1464307200,10.25,12.47,12.47,10.98,19334.80270000999
1464220800,12.15,12.95,12.61,12.47,2989.890958550002
1464134400,11.93,13.18,13,12.61,9697.181591090013
1464048000,12,13.74,13.68,12.77,2753.23929761
1463961600,13.61,13.91,13.86,13.61,180.78671194
1463702400,13.71,14.82,14.82,14.17,254.16661711
1463616000,13,14.9,13.18,14.9,950.4412052299997
1463529600,12.5,14.93,12.5,13.18,482.52182653999995
